;Babenko;babenko.serhii89@gmail.com;babenko25;babenko25;
Serhii;;babenko.serhii89@gmail.com;babenko25;babenko25;
Serhii;Babenko;;babenko25;babenko25;
Serhii;Babenko;babenko.serhii89@gmail.com;;babenko25;
Serhii;Babenko;babenko.serhii89@gmail.com;babenko25;;
;;babenko.serhii89@gmail.com;babenko25;babenko25;
Serhii;Babenko;;;babenko25;
Serhii;Babenko;babenko.serhii89@gmail.com;;;
Serhii;Babenko;;babenko25;babenko25;
Serhii;Babenko;;;;
Serhii;;;;;
;Babenko;;;;
;;babenko.serhii89@gmail.com;;;
;;;babenko25;;
;;;;babenko25;
